Country,Clicks,Impressions,CTR,Position
United Kingdom,3,3108,0.1%,65.85
United States,3,732,0.41%,13.25
France,3,24,12.5%,8.12
Spain,2,59,3.39%,19.83
Italy,1,55,1.82%,22.09
Canada,1,51,1.96%,21
Philippines,1,38,2.63%,34.79
Australia,1,23,4.35%,11.65
Poland,1,22,4.55%,8.95
Egypt,1,22,4.55%,17.55
Taiwan,1,7,14.29%,7.14
China,1,5,20%,11.4
India,0,90,0%,17.87
Brazil,0,59,0%,15.47
Germany,0,46,0%,10.41
Russia,0,39,0%,12.9
South Korea,0,35,0%,14.91
Vietnam,0,34,0%,27.76
Netherlands,0,31,0%,6.97
Thailand,0,29,0%,24.76
Turkey,0,28,0%,13.36
Saudi Arabia,0,26,0%,16.62
Indonesia,0,24,0%,24.08
Japan,0,20,0%,12.1
Singapore,0,18,0%,8.67
Bangladesh,0,18,0%,33.5
Malaysia,0,14,0%,26.43
Romania,0,13,0%,10.23
Argentina,0,13,0%,30.08
Colombia,0,12,0%,34.42
Hungary,0,11,0%,7.27
Mexico,0,10,0%,9.2
Finland,0,10,0%,9.3
Switzerland,0,10,0%,15.2
South Africa,0,10,0%,15.2
Austria,0,10,0%,15.6
Hong Kong,0,10,0%,16.9
Portugal,0,10,0%,18
Ukraine,0,9,0%,8
Peru,0,9,0%,21.22
Iran,0,8,0%,6.25
Greece,0,8,0%,7.25
Morocco,0,8,0%,21.12
Pakistan,0,8,0%,23.38
Sweden,0,7,0%,7.57
Belgium,0,7,0%,8.86
Honduras,0,7,0%,9.43
Nigeria,0,7,0%,23.14
United Arab Emirates,0,6,0%,3
Czechia,0,6,0%,7.17
Iraq,0,6,0%,13.5
Venezuela,0,6,0%,20.17
Oman,0,6,0%,25.17
Moldova,0,5,0%,4.8
Bulgaria,0,5,0%,7.4
Armenia,0,5,0%,7.6
Israel,0,5,0%,19.4
Jordan,0,5,0%,28.4
Serbia,0,4,0%,6.5
Cape Verde,0,4,0%,7.25
Norway,0,4,0%,8
Belarus,0,4,0%,8.75
Ethiopia,0,4,0%,14.75
Ecuador,0,4,0%,20.25
New Zealand,0,4,0%,29.75
Tunisia,0,3,0%,6
Cyprus,0,3,0%,6.67
Cambodia,0,3,0%,6.67
Costa Rica,0,3,0%,7
Bosnia & Herzegovina,0,3,0%,7.67
Chile,0,3,0%,8
Slovenia,0,3,0%,8.67
Unknown Region,0,3,0%,17.33
Sri Lanka,0,3,0%,17.67
Algeria,0,3,0%,32
Ireland,0,3,0%,62
Dominican Republic,0,2,0%,3.5
Congo - Kinshasa,0,2,0%,5.5
Luxembourg,0,2,0%,7
Haiti,0,2,0%,8
Trinidad & Tobago,0,2,0%,29
El Salvador,0,2,0%,40
Kyrgyzstan,0,2,0%,48
Bahrain,0,1,0%,1
Kenya,0,1,0%,1
Nicaragua,0,1,0%,3
Nepal,0,1,0%,3
Albania,0,1,0%,4
Bahamas,0,1,0%,4
Qatar,0,1,0%,5
Slovakia,0,1,0%,5
Rwanda,0,1,0%,7
Croatia,0,1,0%,8
Denmark,0,1,0%,9
Palestine,0,1,0%,9
Barbados,0,1,0%,10
Guatemala,0,1,0%,10
Mauritius,0,1,0%,10
Myanmar (Burma),0,1,0%,22
Kazakhstan,0,1,0%,30
Bolivia,0,1,0%,36
Syria,0,1,0%,39