Top pages,Clicks,Impressions,CTR,Position
http://www.andrew-seaford.co.uk/custom-inno-theme/,5,684,0.73%,9.2
http://www.andrew-seaford.co.uk/create-empty-folders-inno/,3,138,2.17%,9.54
http://www.andrew-seaford.co.uk/create-m3u-playlist-from-directory-list/,2,241,0.83%,10.71
http://www.andrew-seaford.co.uk/wp-content/uploads/2021/03/CNC.pdf,2,203,0.99%,5.67
http://www.andrew-seaford.co.uk/how-to-mock-a-function-that-returns-a-value/,2,76,2.63%,23.78
http://www.andrew-seaford.co.uk/flood-fill-opencv/,1,272,0.37%,12.89
http://www.andrew-seaford.co.uk/check-dotnet-framework-installed-inno-setup/,1,208,0.48%,12.67
http://www.andrew-seaford.co.uk/wp-content/uploads/2021/03/Iterative-Design-Process.pdf,1,182,0.55%,59.03
http://www.andrew-seaford.co.uk/simple-box-code/,1,49,2.04%,7.12
http://www.andrew-seaford.co.uk/detecting-dominant-points-image-opencv/,1,18,5.56%,29.22
http://www.andrew-seaford.co.uk/wp-content/uploads/2021/03/Vacuum-Forming.pdf,0,2587,0%,75.4
http://www.andrew-seaford.co.uk/c-open-file-dialog/,0,111,0%,35.3
http://www.andrew-seaford.co.uk/reporting-endstop-status/,0,66,0%,16.24
http://www.andrew-seaford.co.uk/how-to-mock-a-function-and-confirm-the-function-was-called/,0,66,0%,19.92
http://www.andrew-seaford.co.uk/installing-inno-installer/,0,32,0%,26.47
http://www.andrew-seaford.co.uk/projects/,0,15,0%,5.87
http://www.andrew-seaford.co.uk/threshold-image-opencv/,0,15,0%,33.2
http://www.andrew-seaford.co.uk/image-contour-detection-display-opencv/,0,14,0%,44.21
http://www.andrew-seaford.co.uk/wp-content/uploads/2021/03/The-Six-Rs.pdf,0,11,0%,8.82
http://www.andrew-seaford.co.uk/tag/python-2/?wptouch_switch=desktop,0,9,0%,13.11
http://www.andrew-seaford.co.uk/wp-content/uploads/2021/03/Production-Techniques-and-Systems.pdf,0,8,0%,8.5
http://www.andrew-seaford.co.uk/wp-content/uploads/2015/02/InstallLargeImage.png,0,6,0%,8
http://www.andrew-seaford.co.uk/projects/newsgroups/,0,3,0%,7.67
http://www.andrew-seaford.co.uk/moving-forwards/,0,3,0%,8.67
http://www.andrew-seaford.co.uk/how-to-use-extension-methods-in-c/,0,3,0%,16.67
http://www.andrew-seaford.co.uk/tag/image-processing/,0,2,0%,18
http://www.andrew-seaford.co.uk/wp-content/uploads/2015/02/InstallSmallImage.png,0,2,0%,19.5
http://www.andrew-seaford.co.uk/revision/gcse-technology/,0,1,0%,10
http://www.andrew-seaford.co.uk/wp-content/uploads/2021/03/Smart-Materials.pdf,0,1,0%,10
http://www.andrew-seaford.co.uk/revision/gsce-computer-science/,0,1,0%,58