Reason,Source,Validation,Pages
Not found (404),Website,Failed,42
Page with redirect,Website,Not Started,18
Alternative page with proper canonical tag,Website,Not Started,6
Blocked due to access forbidden (403),Website,Not Started,4
Duplicate without user-selected canonical,Website,Not Started,1
Crawled - currently not indexed,Google systems,Not Started,25
"Duplicate, Google chose different canonical than user",Google systems,Not Started,16
Excluded by ‘noindex’ tag,Website,Started,18
Discovered – currently not indexed,Google systems,N/A,0