Top queries,Clicks,Impressions,CTR,Position
flood fill opencv,1,15,6.67%,13.93
vacuum forming,0,1191,0%,78.96
vacuum form,0,181,0%,75.9
vacuum formed,0,163,0%,86.87
what is vacuum forming,0,124,0%,81.56
vacuum moulding,0,100,0%,82.37
process of vacuum forming,0,94,0%,77.72
vacuum molding,0,77,0%,86.42
inno setup wizardimagefile size 164 314,0,73,0%,10.56
vacuum forming process,0,72,0%,61.29
vacuum formation,0,53,0%,86.25
what is a vacuum former,0,47,0%,85.89
vacuum forms,0,46,0%,59.72
what is vacuum former,0,36,0%,26
vacuuming forming,0,30,0%,91.37
what is iterative design,0,30,0%,95.9
inno setup wizardimagefile size,0,29,0%,4.59
iterative design,0,26,0%,94.42
vacuum mold,0,22,0%,83.18
what is iterative design?,0,20,0%,96.3
opencv flood fill,0,17,0%,13.59
process vacuum forming,0,17,0%,51.29
vacuum moulding process,0,17,0%,87.35
vacuum form plastic,0,16,0%,76.06
vacuum forming facts,0,15,0%,14.87
opencv floodfill,0,14,0%,14.86
openfiledialog c,0,14,0%,67.14
iterative design process,0,13,0%,86.31
design iteration,0,13,0%,96.15
cv2 flood fill,0,11,0%,9.45
inno setup wizardimagefile size 164x314,0,11,0%,10.36
vaccum forming,0,11,0%,84
wizardimagefile,0,10,0%,10.2
floodfill opencv,0,10,0%,13.7
vacuum forming steps,0,8,0%,63.12
vacuum forming definition,0,7,0%,96.57
cv2 floodfill,0,6,0%,15.83
process of vacuum forming step by step,0,6,0%,27
stages of vacuum forming,0,6,0%,50.67
vacuum forming step by step,0,6,0%,66.67
step by step vacuum forming,0,6,0%,67.67
the iterative design process,0,6,0%,81.83
cv2.floodfill,0,5,0%,15.4
jest mock function return value,0,5,0%,25.4
mock return value,0,5,0%,28.4
c# open file dialog,0,5,0%,31
vac forme,0,5,0%,47.6
steps of vacuum forming,0,5,0%,56.6
vacuum formed plastic,0,5,0%,97.8
inno setup,0,4,0%,9.75
opencv floodfill documentation,0,4,0%,11.25
what is vacuum forming process,0,4,0%,60.75
how to vacuum form,0,4,0%,66.25
how to create m3u playlist,0,3,0%,10
cvthreshold,0,3,0%,12
gcode endstop status,0,3,0%,43.33
vacuum forming process step by step,0,3,0%,61.67
vacuum forming stages,0,3,0%,64.33
create an m3u file,0,3,0%,82
vacuum forming draft angle,0,3,0%,92.67
router milling machine,0,2,0%,1
m3u playlist creator,0,2,0%,1.5
m3u url to file,0,2,0%,1.5
win32 openfiledialog,0,2,0%,5
innoinstaller,0,2,0%,6.5
inno setup wizardsmallimagefile size 55x55,0,2,0%,10
winamp,0,2,0%,10
inno setup installer,0,2,0%,13
promis reaction to mocking,0,2,0%,13
vacuum forming bbc bitesize,0,2,0%,24
jest mock return value,0,2,0%,26.5
jest.fn return value,0,2,0%,28.5
marlin endstop status,0,2,0%,29
jest fn return value,0,2,0%,36.5
the process of vacuum forming,0,2,0%,36.5
create playlist m3u,0,2,0%,41
what is a vacuum forming,0,2,0%,57.5
c openfiledialog,0,2,0%,66
vacforming,0,2,0%,73
vacum forming,0,2,0%,82
cnc machines,0,1,0%,1
cnc milling machine,0,1,0%,1
m3u playlist generator,0,1,0%,1
m4a to m3u,0,1,0%,1
region filling in image processing,0,1,0%,1
what is cnc machine,0,1,0%,1
cv2 fill holes,0,1,0%,2
m3u file generator,0,1,0%,2
m3u link generator,0,1,0%,2
txt to m3u,0,1,0%,2
convert mp3 to m3u,0,1,0%,3
iterations,0,1,0%,3
wav to m3u,0,1,0%,4
innosetup,0,1,0%,9
opencv fill,0,1,0%,9
inno installer,0,1,0%,10
inno setup script wizard,0,1,0%,10
mp3 to m3u,0,1,0%,11
cv::floodfill,0,1,0%,12
generate m3u playlist,0,1,0%,12
file dialog c#,0,1,0%,14
openfiledialog defaultext,0,1,0%,15
how to create an m3u playlist,0,1,0%,21
m3u file create,0,1,0%,22
c# file dialog,0,1,0%,27
flood fill,0,1,0%,27
check installed net version,0,1,0%,31
c# file open dialog,0,1,0%,34
opencv area of contour,0,1,0%,41
openfiledialog in c,0,1,0%,43
vac formed,0,1,0%,44
cv_rgb,0,1,0%,46
iterative design cycle,0,1,0%,49
vacuum forming process step-by-step,0,1,0%,49
iterative design processes,0,1,0%,52
function call test,0,1,0%,61
vacuum forming process steps,0,1,0%,65
mock value,0,1,0%,84
c openfile,0,1,0%,89
c sharp open file,0,1,0%,93
design iterations,0,1,0%,93
mock call,0,1,0%,95
what is an iterative design,0,1,0%,95
iteration design,0,1,0%,98
check dotnet,0,1,0%,99