Reason,Source,Validation,Pages
Page with redirect,Website,Not Started,16
Alternative page with proper canonical tag,Website,Not Started,6
Blocked due to access forbidden (403),Website,Not Started,4
Duplicate without user-selected canonical,Website,Not Started,2
Crawled - currently not indexed,Google systems,Not Started,24
"Duplicate, Google chose different canonical than user",Google systems,Not Started,17
Not found (404),Website,Started,41
Excluded by ‘noindex’ tag,Website,Started,22
Discovered – currently not indexed,Google systems,N/A,0