Country,Clicks,Impressions,CTR,Position
United Kingdom,3,2921,0.1%,66.85
United States,3,685,0.44%,13.25
France,2,20,10%,8.65
Italy,1,53,1.89%,22.43
Spain,1,52,1.92%,21.75
Canada,1,49,2.04%,21.53
Philippines,1,36,2.78%,36.64
Australia,1,20,5%,12.5
Poland,1,19,5.26%,9.84
China,1,5,20%,11.4
India,0,81,0%,17.95
Brazil,0,53,0%,16.25
Germany,0,43,0%,10.53
South Korea,0,34,0%,12.82
Russia,0,34,0%,13.38
Vietnam,0,30,0%,27.7
Netherlands,0,28,0%,6.5
Turkey,0,26,0%,13.42
Saudi Arabia,0,26,0%,16.62
Thailand,0,26,0%,26.35
Indonesia,0,22,0%,21.36
Egypt,0,20,0%,18.85
Japan,0,19,0%,12.32
Singapore,0,18,0%,8.67
Bangladesh,0,17,0%,35.35
Malaysia,0,14,0%,26.43
Hungary,0,11,0%,7.27
Romania,0,11,0%,9.91
Argentina,0,11,0%,25.82
Colombia,0,11,0%,36.64
Mexico,0,10,0%,9.2
Switzerland,0,10,0%,15.2
Ukraine,0,9,0%,8
South Africa,0,9,0%,14.44
Portugal,0,9,0%,19.22
Peru,0,9,0%,21.22
Iran,0,8,0%,6.25
Greece,0,8,0%,7.25
Finland,0,8,0%,10
Hong Kong,0,8,0%,19.75
Pakistan,0,8,0%,23.38
Sweden,0,7,0%,7.57
Honduras,0,7,0%,9.43
Austria,0,7,0%,18.57
Morocco,0,7,0%,22.86
Nigeria,0,7,0%,23.14
Belgium,0,6,0%,9.17
Iraq,0,6,0%,13.5
Venezuela,0,6,0%,20.17
Oman,0,6,0%,25.17
United Arab Emirates,0,5,0%,1.2
Moldova,0,5,0%,4.8
Armenia,0,5,0%,7.6
Israel,0,5,0%,19.4
Jordan,0,5,0%,28.4
Czechia,0,4,0%,5.75
Serbia,0,4,0%,6.5
Bulgaria,0,4,0%,7
Belarus,0,4,0%,8.75
Ethiopia,0,4,0%,14.75
Ecuador,0,4,0%,20.25
Croatia,0,3,0%,3.33
Tunisia,0,3,0%,5
Cyprus,0,3,0%,6.67
Cambodia,0,3,0%,6.67
Cape Verde,0,3,0%,7
Costa Rica,0,3,0%,7
Norway,0,3,0%,7.33
Bosnia & Herzegovina,0,3,0%,7.67
Chile,0,3,0%,8
Taiwan,0,3,0%,8
Sri Lanka,0,3,0%,17.67
Algeria,0,3,0%,32
New Zealand,0,3,0%,36.67
Dominican Republic,0,2,0%,3.5
Congo - Kinshasa,0,2,0%,5.5
Haiti,0,2,0%,8
Slovenia,0,2,0%,8.5
Kazakhstan,0,2,0%,15.5
Unknown Region,0,2,0%,21
Trinidad & Tobago,0,2,0%,29
El Salvador,0,2,0%,40
Kyrgyzstan,0,2,0%,48
Ireland,0,2,0%,90
Bahrain,0,1,0%,1
Nicaragua,0,1,0%,3
Nepal,0,1,0%,3
Albania,0,1,0%,4
Bahamas,0,1,0%,4
Qatar,0,1,0%,5
Slovakia,0,1,0%,5
Rwanda,0,1,0%,7
Luxembourg,0,1,0%,8
Denmark,0,1,0%,9
Palestine,0,1,0%,9
Barbados,0,1,0%,10
Guatemala,0,1,0%,10
Mauritius,0,1,0%,10
Myanmar (Burma),0,1,0%,22
Bolivia,0,1,0%,36
Syria,0,1,0%,39