Top pages,Clicks,Impressions,CTR,Position
http://www.andrew-seaford.co.uk/custom-inno-theme/,3,640,0.47%,9.3
http://www.andrew-seaford.co.uk/wp-content/uploads/2021/03/CNC.pdf,2,186,1.08%,5.55
http://www.andrew-seaford.co.uk/create-empty-folders-inno/,2,128,1.56%,9.8
http://www.andrew-seaford.co.uk/how-to-mock-a-function-that-returns-a-value/,2,71,2.82%,23.93
http://www.andrew-seaford.co.uk/flood-fill-opencv/,1,249,0.4%,13.22
http://www.andrew-seaford.co.uk/create-m3u-playlist-from-directory-list/,1,201,0.5%,10.51
http://www.andrew-seaford.co.uk/check-dotnet-framework-installed-inno-setup/,1,194,0.52%,12.78
http://www.andrew-seaford.co.uk/wp-content/uploads/2021/03/Iterative-Design-Process.pdf,1,166,0.6%,61.31
http://www.andrew-seaford.co.uk/simple-box-code/,1,48,2.08%,7.19
http://www.andrew-seaford.co.uk/detecting-dominant-points-image-opencv/,1,17,5.88%,30.29
http://www.andrew-seaford.co.uk/wp-content/uploads/2021/03/Vacuum-Forming.pdf,0,2454,0%,75.9
http://www.andrew-seaford.co.uk/c-open-file-dialog/,0,96,0%,38.48
http://www.andrew-seaford.co.uk/reporting-endstop-status/,0,65,0%,16.58
http://www.andrew-seaford.co.uk/how-to-mock-a-function-and-confirm-the-function-was-called/,0,60,0%,21.18
http://www.andrew-seaford.co.uk/installing-inno-installer/,0,28,0%,25.96
http://www.andrew-seaford.co.uk/projects/,0,15,0%,5.87
http://www.andrew-seaford.co.uk/threshold-image-opencv/,0,14,0%,34
http://www.andrew-seaford.co.uk/image-contour-detection-display-opencv/,0,14,0%,44.21
http://www.andrew-seaford.co.uk/wp-content/uploads/2021/03/The-Six-Rs.pdf,0,11,0%,8.82
http://www.andrew-seaford.co.uk/tag/python-2/?wptouch_switch=desktop,0,9,0%,13.11
http://www.andrew-seaford.co.uk/wp-content/uploads/2021/03/Production-Techniques-and-Systems.pdf,0,7,0%,8.86
http://www.andrew-seaford.co.uk/wp-content/uploads/2015/02/InstallLargeImage.png,0,6,0%,8
http://www.andrew-seaford.co.uk/wp-content/uploads/2021/03/Smart-Materials.pdf,0,4,0%,6.75
http://www.andrew-seaford.co.uk/projects/newsgroups/,0,3,0%,7.67
http://www.andrew-seaford.co.uk/moving-forwards/,0,3,0%,8.67
http://www.andrew-seaford.co.uk/how-to-use-extension-methods-in-c/,0,3,0%,16.67
http://www.andrew-seaford.co.uk/tag/image-processing/,0,2,0%,18
http://www.andrew-seaford.co.uk/wp-content/uploads/2015/02/InstallSmallImage.png,0,2,0%,19.5
http://www.andrew-seaford.co.uk/revision/gcse-technology/,0,1,0%,10
http://www.andrew-seaford.co.uk/revision/gsce-computer-science/,0,1,0%,58