Top queries,Clicks,Impressions,CTR,Position
flood fill opencv,1,10,10%,16.4
vacuum forming,0,1149,0%,79.22
vacuum form,0,174,0%,76.27
vacuum formed,0,156,0%,87.13
what is vacuum forming,0,135,0%,82.99
vacuum moulding,0,99,0%,82.43
process of vacuum forming,0,96,0%,77.64
vacuum molding,0,80,0%,86.42
vacuum forming process,0,73,0%,61.37
inno setup wizardimagefile size 164 314,0,59,0%,10.85
vacuum formation,0,59,0%,85.07
what is a vacuum former,0,54,0%,85.93
vacuum forms,0,49,0%,60.08
vacuuming forming,0,33,0%,87.15
what is iterative design,0,30,0%,95.9
inno setup wizardimagefile size,0,29,0%,4.59
what is vacuum former,0,27,0%,26.11
iterative design,0,23,0%,93.87
vacuum mold,0,22,0%,83.18
what is iterative design?,0,20,0%,96.3
process vacuum forming,0,18,0%,51.33
vacuum moulding process,0,17,0%,87.94
vacuum form plastic,0,16,0%,76.06
vacuum forming facts,0,15,0%,14.13
opencv flood fill,0,14,0%,14.57
openfiledialog c,0,14,0%,67.14
design iteration,0,12,0%,96.08
inno setup wizardimagefile size 164x314,0,11,0%,10.36
opencv floodfill,0,11,0%,16.55
vaccum forming,0,10,0%,84.2
iterative design process,0,10,0%,85.4
cv2 flood fill,0,8,0%,9.5
floodfill opencv,0,7,0%,14.14
vacuum forming steps,0,7,0%,63.14
cv2 floodfill,0,6,0%,15.83
vacuum forming definition,0,6,0%,96
wizardimagefile,0,5,0%,11.4
process of vacuum forming step by step,0,5,0%,27.6
c# open file dialog,0,5,0%,31
vac forme,0,5,0%,47.6
stages of vacuum forming,0,5,0%,51
step by step vacuum forming,0,5,0%,66.8
vacuum forming step by step,0,5,0%,68.4
the iterative design process,0,5,0%,81
vacuum formed plastic,0,5,0%,97.8
cv2.floodfill,0,4,0%,16.75
jest mock function return value,0,4,0%,26
mock return value,0,4,0%,27.75
what is vacuum forming process,0,4,0%,60.75
vacuum forming process step by step,0,4,0%,61.5
steps of vacuum forming,0,4,0%,64
how to vacuum form,0,4,0%,66.25
cnc milling machine,0,3,0%,1
inno setup,0,3,0%,9.33
vacuum forming stages,0,3,0%,64.33
router milling machine,0,2,0%,1
innoinstaller,0,2,0%,6.5
cvthreshold,0,2,0%,7
inno setup wizardsmallimagefile size 55x55,0,2,0%,10
winamp,0,2,0%,10
promis reaction to mocking,0,2,0%,13
vacuum forming bbc bitesize,0,2,0%,24
jest.fn return value,0,2,0%,28.5
marlin endstop status,0,2,0%,29
jest fn return value,0,2,0%,36.5
the process of vacuum forming,0,2,0%,36.5
gcode endstop status,0,2,0%,42.5
vacuum forming process step-by-step,0,2,0%,52
what is a vacuum forming,0,2,0%,57.5
c openfiledialog,0,2,0%,66
vacforming,0,2,0%,73
vacum forming,0,2,0%,82
vacuum forming draft angle,0,2,0%,90
cnc machines,0,1,0%,1
cnc router axis,0,1,0%,1
m3u playlist creator,0,1,0%,1
m3u playlist generator,0,1,0%,1
m4a to m3u,0,1,0%,1
what is cnc machine,0,1,0%,1
cv2 fill holes,0,1,0%,2
m3u url to file,0,1,0%,2
iterations,0,1,0%,3
innosetup,0,1,0%,9
opencv fill,0,1,0%,9
inno installer,0,1,0%,10
inno setup script wizard,0,1,0%,10
mp3 to m3u,0,1,0%,11
cv::floodfill,0,1,0%,12
file dialog c#,0,1,0%,14
openfiledialog defaultext,0,1,0%,15
m3u file create,0,1,0%,22
c# file dialog,0,1,0%,27
flood fill,0,1,0%,27
c# file open dialog,0,1,0%,34
opencv area of contour,0,1,0%,41
openfiledialog in c,0,1,0%,43
vac formed,0,1,0%,44
cv_rgb,0,1,0%,46
iterative design cycle,0,1,0%,49
iterative design processes,0,1,0%,52
create an m3u file,0,1,0%,53
function call test,0,1,0%,61
create playlist m3u,0,1,0%,66
mock value,0,1,0%,84
c openfile,0,1,0%,89
c sharp open file,0,1,0%,93
design iterations,0,1,0%,93
vacuum forming process steps,0,1,0%,93
mock call,0,1,0%,95
what is an iterative design,0,1,0%,95
check dotnet,0,1,0%,99