Reason,Source,Validation,Pages
Not found (404),Website,Not Started,37
Excluded by ‘noindex’ tag,Website,Not Started,28
Page with redirect,Website,Not Started,17
Alternative page with proper canonical tag,Website,Not Started,7
Duplicate without user-selected canonical,Website,Not Started,3
Blocked due to access forbidden (403),Website,Not Started,2
"Duplicate, Google chose different canonical than user",Google systems,Not Started,18
Crawled - currently not indexed,Google systems,Not Started,18
Discovered – currently not indexed,Google systems,N/A,0